{"cameraMode":{"drawMode":0,"name":"Shaded","section":"Shading Mode"},"sceneLighting":true,"audioPlay":false,"sceneViewState":{"showFog":true,"showMaterialUpdate":false,"showSkybox":true,"showFlares":true,"showImageEffects":true,"showParticleSystems":true},"in2DMode":false,"pivot":{"x":1.7894998788833619,"y":0.6525201201438904,"z":-0.20241904258728028},"rotation":{"x":0.12894538044929505,"y":0.7912117838859558,"z":-0.17849215865135194,"w":0.5706429481506348},"size":0.6724075078964233,"orthographic":false}